timeStamp,elapsed,label,responseCode,responseMessage,threadName,dataType,success,failureMessage,bytes,sentBytes,grpThreads,allThreads,URL,Latency,IdleTime,Connect
1673469785619,1897,HTTP Request,200,OK,Thread Group 1-18,text,true,,64499,122,51,51,https://www.banglapuzzle.com/,1190,0,480
1673469784742,2822,HTTP Request,200,OK,Thread Group 1-1,text,true,,64499,122,51,51,https://www.banglapuzzle.com/,2118,0,887
1673469785172,2893,HTTP Request,200,OK,Thread Group 1-10,text,true,,64499,122,59,59,https://www.banglapuzzle.com/,1958,0,476
1673469784742,3338,HTTP Request,200,OK,Thread Group 1-2,text,true,,64499,122,58,58,https://www.banglapuzzle.com/,2406,0,888
1673469785843,2297,HTTP Request,200,OK,Thread Group 1-22,text,true,,64499,122,59,59,https://www.banglapuzzle.com/,1542,0,484
1673469786122,2049,HTTP Request,200,OK,Thread Group 1-27,text,true,,64499,122,58,58,https://www.banglapuzzle.com/,1276,0,487
1673469785674,2620,HTTP Request,200,OK,Thread Group 1-19,text,true,,64499,122,59,59,https://www.banglapuzzle.com/,1560,0,473
1673469785228,3100,HTTP Request,200,OK,Thread Group 1-11,text,true,,64499,122,59,59,https://www.banglapuzzle.com/,1688,0,481
1673469785284,3059,HTTP Request,200,OK,Thread Group 1-12,text,true,,64499,122,58,58,https://www.banglapuzzle.com/,1612,0,478
1673469785005,3510,HTTP Request,200,OK,Thread Group 1-7,text,true,,64499,122,60,60,https://www.banglapuzzle.com/,1871,0,624
1673469785339,3423,HTTP Request,200,OK,Thread Group 1-13,text,true,,64499,122,64,64,https://www.banglapuzzle.com/,2249,0,481
1673469785566,3393,HTTP Request,200,OK,Thread Group 1-17,text,true,,64499,122,66,66,https://www.banglapuzzle.com/,1376,0,476
1673469786682,2416,HTTP Request,200,OK,Thread Group 1-37,text,true,,64499,122,68,68,https://www.banglapuzzle.com/,1251,0,474
1673469786402,2712,HTTP Request,200,OK,Thread Group 1-32,text,true,,64499,122,67,67,https://www.banglapuzzle.com/,1259,0,477
1673469785900,3279,HTTP Request,200,OK,Thread Group 1-23,text,true,,64499,122,67,67,https://www.banglapuzzle.com/,1285,0,477
1673469787018,2273,HTTP Request,200,OK,Thread Group 1-43,text,true,,64499,122,68,68,https://www.banglapuzzle.com/,1328,0,481
1673469786909,2409,HTTP Request,200,OK,Thread Group 1-41,text,true,,64499,122,68,68,https://www.banglapuzzle.com/,1265,0,480
1673469787130,2202,HTTP Request,200,OK,Thread Group 1-45,text,true,,64499,122,67,67,https://www.banglapuzzle.com/,1262,0,475
1673469787075,2342,HTTP Request,200,OK,Thread Group 1-44,text,true,,64499,122,67,67,https://www.banglapuzzle.com/,1245,0,474
1673469786348,3245,HTTP Request,200,OK,Thread Group 1-31,text,true,,64499,122,69,69,https://www.banglapuzzle.com/,1257,0,477
1673469786795,2799,HTTP Request,200,OK,Thread Group 1-39,text,true,,64499,122,69,69,https://www.banglapuzzle.com/,1252,0,474
1673469787633,2178,HTTP Request,200,OK,Thread Group 1-54,text,true,,64499,122,71,71,https://www.banglapuzzle.com/,1243,0,474
1673469787300,2666,HTTP Request,200,OK,Thread Group 1-48,text,true,,64499,122,73,73,https://www.banglapuzzle.com/,1264,0,481
1673469785394,4599,HTTP Request,200,OK,Thread Group 1-14,text,true,,64499,122,73,73,https://www.banglapuzzle.com/,1927,0,478
1673469786626,3665,HTTP Request,200,OK,Thread Group 1-36,text,true,,64499,122,77,77,https://www.banglapuzzle.com/,1657,0,479
1673469788140,2414,HTTP Request,200,OK,Thread Group 1-63,text,true,,64499,122,81,81,https://www.banglapuzzle.com/,1242,0,474
1673469787914,2919,HTTP Request,200,OK,Thread Group 1-59,text,true,,64499,122,85,85,https://www.banglapuzzle.com/,1246,0,474
1673469787746,3148,HTTP Request,200,OK,Thread Group 1-56,text,true,,64499,122,85,85,https://www.banglapuzzle.com/,1259,0,482
1673469787802,3208,HTTP Request,200,OK,Thread Group 1-57,text,true,,64499,122,86,86,https://www.banglapuzzle.com/,1238,0,474
1673469787358,3761,HTTP Request,200,OK,Thread Group 1-49,text,true,,64499,122,87,87,https://www.banglapuzzle.com/,1242,0,474
1673469788362,2896,HTTP Request,200,OK,Thread Group 1-67,text,true,,64499,122,88,88,https://www.banglapuzzle.com/,1246,0,480
1673469789146,2206,HTTP Request,200,OK,Thread Group 1-81,text,true,,64499,122,89,89,https://www.banglapuzzle.com/,1260,0,478
1673469788027,3428,HTTP Request,200,OK,Thread Group 1-61,text,true,,64499,122,90,90,https://www.banglapuzzle.com/,1273,0,477
1673469788474,2983,HTTP Request,200,OK,Thread Group 1-69,text,true,,64499,122,89,89,https://www.banglapuzzle.com/,1249,0,475
1673469789201,2342,HTTP Request,200,OK,Thread Group 1-82,text,true,,64499,122,89,89,https://www.banglapuzzle.com/,1243,0,474
1673469788811,2980,HTTP Request,200,OK,Thread Group 1-75,text,true,,64499,122,93,93,https://www.banglapuzzle.com/,1241,0,472
1673469788868,3128,HTTP Request,200,OK,Thread Group 1-76,text,true,,64499,122,95,95,https://www.banglapuzzle.com/,1246,0,476
1673469789033,3098,HTTP Request,200,OK,Thread Group 1-79,text,true,,64499,122,97,97,https://www.banglapuzzle.com/,1261,0,474
1673469787242,4947,HTTP Request,200,OK,Thread Group 1-47,text,true,,64499,122,97,97,https://www.banglapuzzle.com/,2725,0,1417
1673469789540,2888,HTTP Request,200,OK,Thread Group 1-88,text,true,,64499,122,100,100,https://www.banglapuzzle.com/,1241,0,476
1673469789707,2871,HTTP Request,200,OK,Thread Group 1-91,text,true,,64499,122,102,102,https://www.banglapuzzle.com/,1178,0,474
1673469790157,2483,HTTP Request,200,OK,Thread Group 1-99,text,true,,64499,122,102,102,https://www.banglapuzzle.com/,1257,0,477
1673469790266,2409,HTTP Request,200,OK,Thread Group 1-101,text,true,,64499,122,102,102,https://www.banglapuzzle.com/,1244,0,476
1673469789091,3643,HTTP Request,200,OK,Thread Group 1-80,text,true,,64499,122,102,102,https://www.banglapuzzle.com/,1250,0,474
1673469790660,2237,HTTP Request,200,OK,Thread Group 1-108,text,true,,64499,122,103,103,https://www.banglapuzzle.com/,1247,0,478
1673469790210,2812,HTTP Request,200,OK,Thread Group 1-100,text,true,,64499,122,105,105,https://www.banglapuzzle.com/,1409,0,473
1673469790490,2573,HTTP Request,200,OK,Thread Group 1-105,text,true,,64499,122,104,104,https://www.banglapuzzle.com/,1173,0,473
1673469789929,3154,HTTP Request,200,OK,Thread Group 1-95,text,true,,64499,122,104,104,https://www.banglapuzzle.com/,1249,0,475
1673469790939,2608,HTTP Request,200,OK,Thread Group 1-113,text,true,,64499,122,111,111,https://www.banglapuzzle.com/,1192,0,483
1673469791219,2349,HTTP Request,200,OK,Thread Group 1-118,text,true,,64499,122,110,110,https://www.banglapuzzle.com/,1177,0,475
1673469790828,2936,HTTP Request,200,OK,Thread Group 1-111,text,true,,64499,122,113,113,https://www.banglapuzzle.com/,1531,0,474
1673469791052,2950,HTTP Request,200,OK,Thread Group 1-115,text,true,,64499,122,116,116,https://www.banglapuzzle.com/,1532,0,478
1673469791612,2411,HTTP Request,200,OK,Thread Group 1-125,text,true,,64499,122,116,116,https://www.banglapuzzle.com/,1238,0,476
1673469790436,3597,HTTP Request,200,OK,Thread Group 1-104,text,true,,64499,122,115,115,https://www.banglapuzzle.com/,1242,0,476
1673469790716,3462,HTTP Request,200,OK,Thread Group 1-109,text,true,,64499,122,116,116,https://www.banglapuzzle.com/,1252,0,474
1673469791329,3097,HTTP Request,200,OK,Thread Group 1-120,text,true,,64499,122,120,120,https://www.banglapuzzle.com/,1238,0,475
1673469792059,2508,HTTP Request,200,OK,Thread Group 1-133,text,true,,64499,122,121,121,https://www.banglapuzzle.com/,1243,0,477
1673469791388,3209,HTTP Request,200,OK,Thread Group 1-121,text,true,,64499,122,121,121,https://www.banglapuzzle.com/,1543,0,482
1673469791667,2998,HTTP Request,200,OK,Thread Group 1-126,text,true,,64499,122,121,121,https://www.banglapuzzle.com/,1247,0,477
1673469790322,4487,HTTP Request,200,OK,Thread Group 1-102,text,true,,64499,122,121,121,https://www.banglapuzzle.com/,2106,0,472
1673469791892,2971,HTTP Request,200,OK,Thread Group 1-130,text,true,,64499,122,120,120,https://www.banglapuzzle.com/,1242,0,475
1673469791947,3111,HTTP Request,200,OK,Thread Group 1-131,text,true,,64499,122,119,119,https://www.banglapuzzle.com/,1241,0,478
1673469792508,2695,HTTP Request,200,OK,Thread Group 1-141,text,true,,64499,122,118,118,https://www.banglapuzzle.com/,1239,0,475
1673469788530,6767,HTTP Request,200,OK,Thread Group 1-70,text,true,,64499,122,117,117,https://www.banglapuzzle.com/,3058,0,1424
1673469792228,3165,HTTP Request,200,OK,Thread Group 1-136,text,true,,64499,122,116,116,https://www.banglapuzzle.com/,1514,0,476
1673469792617,2891,HTTP Request,200,OK,Thread Group 1-143,text,true,,64499,122,115,115,https://www.banglapuzzle.com/,1641,0,473
1673469793404,2402,HTTP Request,200,OK,Thread Group 1-157,text,true,,64499,122,114,114,https://www.banglapuzzle.com/,1178,0,475
1673469789817,6189,HTTP Request,200,OK,Thread Group 1-93,text,true,,64499,122,113,113,https://www.banglapuzzle.com/,1411,0,474
1673469793289,2804,HTTP Request,200,OK,Thread Group 1-155,text,true,,64499,122,112,112,https://www.banglapuzzle.com/,1241,0,472
1673469793626,2487,HTTP Request,200,OK,Thread Group 1-161,text,true,,64499,122,111,111,https://www.banglapuzzle.com/,1251,0,478
1673469790770,5434,HTTP Request,200,OK,Thread Group 1-110,text,true,,64499,122,110,110,https://www.banglapuzzle.com/,2733,0,1428
1673469793849,2412,HTTP Request,200,OK,Thread Group 1-165,text,true,,64499,122,109,109,https://www.banglapuzzle.com/,1237,0,477
1673469793233,3115,HTTP Request,200,OK,Thread Group 1-154,text,true,,64499,122,108,108,https://www.banglapuzzle.com/,1239,0,476
1673469792899,3540,HTTP Request,200,OK,Thread Group 1-148,text,true,,64499,122,107,107,https://www.banglapuzzle.com/,1258,0,483
1673469790994,5637,HTTP Request,200,OK,Thread Group 1-114,text,true,,64499,122,106,106,https://www.banglapuzzle.com/,1241,0,475
1673469793514,3122,HTTP Request,200,OK,Thread Group 1-159,text,true,,64499,122,105,105,https://www.banglapuzzle.com/,1180,0,476
1673469794465,2415,HTTP Request,200,OK,Thread Group 1-176,text,true,,64499,122,104,104,https://www.banglapuzzle.com/,1244,0,475
1673469794185,3037,HTTP Request,200,OK,Thread Group 1-171,text,true,,64499,122,103,103,https://www.banglapuzzle.com/,1172,0,472
1673469794245,2994,HTTP Request,200,OK,Thread Group 1-172,text,true,,64499,122,102,102,https://www.banglapuzzle.com/,1253,0,478
1673469792003,5279,HTTP Request,200,OK,Thread Group 1-132,text,true,,64499,122,101,101,https://www.banglapuzzle.com/,2901,0,1410
1673469794354,2933,HTTP Request,200,OK,Thread Group 1-174,text,true,,64499,122,100,100,https://www.banglapuzzle.com/,1183,0,476
1673469793905,3434,HTTP Request,200,OK,Thread Group 1-166,text,true,,64499,122,99,99,https://www.banglapuzzle.com/,1230,0,474
1673469794577,2909,HTTP Request,200,OK,Thread Group 1-178,text,true,,64499,122,98,98,https://www.banglapuzzle.com/,1247,0,475
1673469792394,5310,HTTP Request,200,OK,Thread Group 1-139,text,true,,64499,122,97,97,https://www.banglapuzzle.com/,2708,0,1411
1673469786290,11464,HTTP Request,200,OK,Thread Group 1-30,text,true,,64499,122,96,96,https://www.banglapuzzle.com/,10434,0,471
1673469793121,4662,HTTP Request,200,OK,Thread Group 1-152,text,true,,64499,122,95,95,https://www.banglapuzzle.com/,2737,0,1425
1673469785788,12175,HTTP Request,200,OK,Thread Group 1-21,text,true,,64499,122,94,94,https://www.banglapuzzle.com/,11236,0,476
1673469784890,13148,HTTP Request,200,OK,Thread Group 1-5,text,true,,64499,122,93,93,https://www.banglapuzzle.com/,11969,0,739
1673469785953,12276,HTTP Request,200,OK,Thread Group 1-24,text,true,,64499,122,92,92,https://www.banglapuzzle.com/,10868,0,478
1673469786515,11722,HTTP Request,200,OK,Thread Group 1-34,text,true,,64499,122,91,91,https://www.banglapuzzle.com/,10546,0,478
1673469787465,10787,HTTP Request,200,OK,Thread Group 1-51,text,true,,64499,122,90,90,https://www.banglapuzzle.com/,9651,0,481
1673469784950,13332,HTTP Request,200,OK,Thread Group 1-6,text,true,,64499,122,89,89,https://www.banglapuzzle.com/,12154,0,680
1673469786965,11350,HTTP Request,200,OK,Thread Group 1-42,text,true,,64499,122,88,88,https://www.banglapuzzle.com/,9991,0,473
1673469787522,10854,HTTP Request,200,OK,Thread Group 1-52,text,true,,64499,122,87,87,https://www.banglapuzzle.com/,9689,0,472
1673469793738,4683,HTTP Request,200,OK,Thread Group 1-163,text,true,,64499,122,86,86,https://www.banglapuzzle.com/,2741,0,1431
1673469786235,12224,HTTP Request,200,OK,Thread Group 1-29,text,true,,64499,122,85,85,https://www.banglapuzzle.com/,10807,0,481
1673469786571,12008,HTTP Request,200,OK,Thread Group 1-35,text,true,,64499,122,84,84,https://www.banglapuzzle.com/,10603,0,477
1673469785115,13477,HTTP Request,200,OK,Thread Group 1-9,text,true,,64499,122,83,83,https://www.banglapuzzle.com/,11959,0,514
1673469786850,11758,HTTP Request,200,OK,Thread Group 1-40,text,true,,64499,122,82,82,https://www.banglapuzzle.com/,10125,0,474
1673469784780,13894,HTTP Request,200,OK,Thread Group 1-3,text,true,,64499,122,81,81,https://www.banglapuzzle.com/,12249,0,849
1673469787411,11269,HTTP Request,200,OK,Thread Group 1-50,text,true,,64499,122,80,80,https://www.banglapuzzle.com/,9620,0,477
1673469785505,13210,HTTP Request,200,OK,Thread Group 1-16,text,true,,64499,122,79,79,https://www.banglapuzzle.com/,11474,0,480
1673469785058,13670,HTTP Request,200,OK,Thread Group 1-8,text,true,,64499,122,78,78,https://www.banglapuzzle.com/,12034,0,571
1673469788641,10132,HTTP Request,200,OK,Thread Group 1-72,text,true,,64499,122,77,77,https://www.banglapuzzle.com/,9381,0,478
1673469785450,13390,HTTP Request,200,OK,Thread Group 1-15,text,true,,64499,122,76,76,https://www.banglapuzzle.com/,11933,0,478
1673469788194,10707,HTTP Request,200,OK,Thread Group 1-64,text,true,,64499,122,75,75,https://www.banglapuzzle.com/,9494,0,473
1673469788756,10189,HTTP Request,200,OK,Thread Group 1-74,text,true,,64499,122,74,74,https://www.banglapuzzle.com/,8680,0,478
1673469788250,10729,HTTP Request,200,OK,Thread Group 1-65,text,true,,64499,122,73,73,https://www.banglapuzzle.com/,9076,0,479
1673469786066,12969,HTTP Request,200,OK,Thread Group 1-26,text,true,,64499,122,72,72,https://www.banglapuzzle.com/,11227,0,1415
1673469786010,13102,HTTP Request,200,OK,Thread Group 1-25,text,true,,64499,122,71,71,https://www.banglapuzzle.com/,11346,0,1426
1673469788082,11101,HTTP Request,200,OK,Thread Group 1-62,text,true,,64499,122,70,70,https://www.banglapuzzle.com/,9643,0,477
1673469794299,4928,HTTP Request,200,OK,Thread Group 1-173,text,true,,64499,122,69,69,https://www.banglapuzzle.com/,1302,0,473
1673469788419,10812,HTTP Request,200,OK,Thread Group 1-68,text,true,,64499,122,68,68,https://www.banglapuzzle.com/,9808,0,1442
1673469787185,12159,HTTP Request,200,OK,Thread Group 1-46,text,true,,64499,122,67,67,https://www.banglapuzzle.com/,10061,0,473
1673469787970,11377,HTTP Request,200,OK,Thread Group 1-60,text,true,,64499,122,66,66,https://www.banglapuzzle.com/,9497,0,475
1673469786179,13237,HTTP Request,200,OK,Thread Group 1-28,text,true,,64499,122,65,65,https://www.banglapuzzle.com/,11332,0,474
1673469791165,8267,HTTP Request,200,OK,Thread Group 1-117,text,true,,64499,122,64,64,https://www.banglapuzzle.com/,6735,0,478
1673469791554,7882,HTTP Request,200,OK,Thread Group 1-124,text,true,,64499,122,63,63,https://www.banglapuzzle.com/,6465,0,478
1673469789483,9984,HTTP Request,200,OK,Thread Group 1-87,text,true,,64499,122,62,62,https://www.banglapuzzle.com/,8699,0,477
1673469789875,9620,HTTP Request,200,OK,Thread Group 1-94,text,true,,64499,122,61,61,https://www.banglapuzzle.com/,8400,0,478
1673469788306,11224,HTTP Request,200,OK,Thread Group 1-66,text,true,,64499,122,60,60,https://www.banglapuzzle.com/,9536,0,474
1673469790605,8958,HTTP Request,200,OK,Thread Group 1-107,text,true,,64499,122,59,59,https://www.banglapuzzle.com/,7269,0,473
1673469789314,10250,HTTP Request,200,OK,Thread Group 1-84,text,true,,64499,122,58,58,https://www.banglapuzzle.com/,8482,0,473
1673469791443,8137,HTTP Request,200,OK,Thread Group 1-122,text,true,,64499,122,57,57,https://www.banglapuzzle.com/,6493,0,477
1673469791274,8342,HTTP Request,200,OK,Thread Group 1-119,text,true,,64499,122,56,56,https://www.banglapuzzle.com/,7165,0,476
1673469792674,6949,HTTP Request,200,OK,Thread Group 1-144,text,true,,64499,122,55,55,https://www.banglapuzzle.com/,5728,0,476
1673469789985,9678,HTTP Request,200,OK,Thread Group 1-96,text,true,,64499,122,54,54,https://www.banglapuzzle.com/,7806,0,474
1673469794017,5709,HTTP Request,200,OK,Thread Group 1-168,text,true,,64499,122,53,53,https://www.banglapuzzle.com/,4671,0,476
1673469791498,8241,HTTP Request,200,OK,Thread Group 1-123,text,true,,64499,122,52,52,https://www.banglapuzzle.com/,7073,0,472
1673469792564,7181,HTTP Request,200,OK,Thread Group 1-142,text,true,,64499,122,51,51,https://www.banglapuzzle.com/,5528,0,478
1673469789371,10377,HTTP Request,200,OK,Thread Group 1-85,text,true,,64499,122,50,50,https://www.banglapuzzle.com/,8685,0,475
1673469794409,5360,HTTP Request,200,OK,Thread Group 1-175,text,true,,64499,122,49,49,https://www.banglapuzzle.com/,4329,0,474
1673469789594,10175,HTTP Request,200,OK,Thread Group 1-89,text,true,,64499,122,48,48,https://www.banglapuzzle.com/,8509,0,483
1673469788978,10805,HTTP Request,200,OK,Thread Group 1-78,text,true,,64499,122,47,47,https://www.banglapuzzle.com/,9293,0,478
1673469790377,9407,HTTP Request,200,OK,Thread Group 1-103,text,true,,64499,122,46,46,https://www.banglapuzzle.com/,7924,0,477
1673469786458,13329,HTTP Request,200,OK,Thread Group 1-33,text,true,,64499,122,45,45,https://www.banglapuzzle.com/,11460,0,474
1673469788922,10878,HTTP Request,200,OK,Thread Group 1-77,text,true,,64499,122,44,44,https://www.banglapuzzle.com/,8479,0,475
1673469787857,11959,HTTP Request,200,OK,Thread Group 1-58,text,true,,64499,122,43,43,https://www.banglapuzzle.com/,9836,0,477
1673469789260,10634,HTTP Request,200,OK,Thread Group 1-83,text,true,,64499,122,42,42,https://www.banglapuzzle.com/,8881,0,477
1673469790546,9391,HTTP Request,200,OK,Thread Group 1-106,text,true,,64499,122,41,41,https://www.banglapuzzle.com/,7263,0,479
1673469794634,5315,HTTP Request,200,OK,Thread Group 1-179,text,true,,64499,122,40,40,https://www.banglapuzzle.com/,3873,0,487
1673469791107,8900,HTTP Request,200,OK,Thread Group 1-116,text,true,,64499,122,39,39,https://www.banglapuzzle.com/,7263,0,473
1673469789649,10363,HTTP Request,200,OK,Thread Group 1-90,text,true,,64499,122,38,38,https://www.banglapuzzle.com/,8008,0,477
1673469792786,7238,HTTP Request,200,OK,Thread Group 1-146,text,true,,64499,122,37,37,https://www.banglapuzzle.com/,6012,0,475
1673469793964,6162,HTTP Request,200,OK,Thread Group 1-167,text,true,,64499,122,36,36,https://www.banglapuzzle.com/,4934,0,478
1673469793794,6383,HTTP Request,200,OK,Thread Group 1-164,text,true,,64499,122,35,35,https://www.banglapuzzle.com/,4697,0,473
1673469792450,7747,HTTP Request,200,OK,Thread Group 1-140,text,true,,64499,122,34,34,https://www.banglapuzzle.com/,5855,0,479
1673469790044,10174,HTTP Request,200,OK,Thread Group 1-97,text,true,,64499,122,33,33,https://www.banglapuzzle.com/,8240,0,477
1673469791724,8532,HTTP Request,200,OK,Thread Group 1-127,text,true,,64499,122,32,32,https://www.banglapuzzle.com/,6851,0,474
1673469792114,8161,HTTP Request,200,OK,Thread Group 1-134,text,true,,64499,122,31,31,https://www.banglapuzzle.com/,6015,0,473
1673469794130,6150,HTTP Request,200,OK,Thread Group 1-170,text,true,,64499,122,30,30,https://www.banglapuzzle.com/,4610,0,484
1673469792282,7999,HTTP Request,200,OK,Thread Group 1-137,text,true,,64499,122,29,29,https://www.banglapuzzle.com/,6033,0,475
1673469789764,10520,HTTP Request,200,OK,Thread Group 1-92,text,true,,64499,122,28,28,https://www.banglapuzzle.com/,8815,0,480
1673469788697,11597,HTTP Request,200,OK,Thread Group 1-73,text,true,,64499,122,27,27,https://www.banglapuzzle.com/,9450,0,472
1673469793569,6747,HTTP Request,200,OK,Thread Group 1-160,text,true,,64499,122,26,26,https://www.banglapuzzle.com/,5316,0,483
1673469793346,7103,HTTP Request,200,OK,Thread Group 1-156,text,true,,64499,122,25,25,https://www.banglapuzzle.com/,5217,0,477
1673469793011,7528,HTTP Request,200,OK,Thread Group 1-150,text,true,,64499,122,24,24,https://www.banglapuzzle.com/,5388,0,471
1673469793458,7136,HTTP Request,200,OK,Thread Group 1-158,text,true,,64499,122,23,23,https://www.banglapuzzle.com/,4989,0,477
1673469791833,8774,HTTP Request,200,OK,Thread Group 1-129,text,true,,64499,122,22,22,https://www.banglapuzzle.com/,6412,0,480
1673469794690,5978,HTTP Request,200,OK,Thread Group 1-180,text,true,,64499,122,21,21,https://www.banglapuzzle.com/,3806,0,476
1673469787690,12991,HTTP Request,200,OK,Thread Group 1-55,text,true,,64499,122,20,20,https://www.banglapuzzle.com/,10542,0,1916
1673469792844,7840,HTTP Request,200,OK,Thread Group 1-147,text,true,,64499,122,19,19,https://www.banglapuzzle.com/,5903,0,479
1673469794074,6624,HTTP Request,200,OK,Thread Group 1-169,text,true,,64499,122,18,18,https://www.banglapuzzle.com/,4418,0,474
1673469793065,7726,HTTP Request,200,OK,Thread Group 1-151,text,true,,64499,122,17,17,https://www.banglapuzzle.com/,5833,0,477
1673469792338,8487,HTTP Request,200,OK,Thread Group 1-138,text,true,,64499,122,16,16,https://www.banglapuzzle.com/,6031,0,476
1673469792954,7913,HTTP Request,200,OK,Thread Group 1-149,text,true,,64499,122,15,15,https://www.banglapuzzle.com/,5692,0,476
1673469792730,8253,HTTP Request,200,OK,Thread Group 1-145,text,true,,64499,122,14,14,https://www.banglapuzzle.com/,5569,0,476
1673469793177,7860,HTTP Request,200,OK,Thread Group 1-153,text,true,,64499,122,13,13,https://www.banglapuzzle.com/,5425,0,474
1673469790099,11023,HTTP Request,200,OK,Thread Group 1-98,text,true,,64499,122,12,12,https://www.banglapuzzle.com/,8123,0,476
1673469791779,9460,HTTP Request,200,OK,Thread Group 1-128,text,true,,64499,122,11,11,https://www.banglapuzzle.com/,6774,0,1423
1673469792173,9236,HTTP Request,200,OK,Thread Group 1-135,text,true,,64499,122,10,10,https://www.banglapuzzle.com/,6167,0,479
1673469784837,17286,HTTP Request,200,OK,Thread Group 1-4,text,true,,64499,122,9,9,https://www.banglapuzzle.com/,13413,0,3078
1673469785731,17238,HTTP Request,200,OK,Thread Group 1-20,text,true,,64499,122,8,8,https://www.banglapuzzle.com/,12689,0,487
1673469787578,15402,HTTP Request,200,OK,Thread Group 1-53,text,true,,64499,122,7,7,https://www.banglapuzzle.com/,10166,0,478
1673469794521,8669,HTTP Request,200,OK,Thread Group 1-177,text,true,,64499,122,6,6,https://www.banglapuzzle.com/,4746,0,479
1673469793682,9591,HTTP Request,200,OK,Thread Group 1-162,text,true,,64499,122,5,5,https://www.banglapuzzle.com/,7198,0,473
1673469786738,16668,HTTP Request,200,OK,Thread Group 1-38,text,true,,64499,122,4,4,https://www.banglapuzzle.com/,11994,0,1434
1673469789428,14077,HTTP Request,200,OK,Thread Group 1-86,text,true,,64499,122,3,3,https://www.banglapuzzle.com/,9386,0,475
1673469790883,13448,HTTP Request,200,OK,Thread Group 1-112,text,true,,64499,122,2,2,https://www.banglapuzzle.com/,8299,0,1417
1673469788585,18970,HTTP Request,200,OK,Thread Group 1-71,text,true,,64499,122,1,1,https://www.banglapuzzle.com/,9863,0,478
